prodClass,Species,productivityCode,speciesCode,Age0,Age1,Age2,Age3,Age4,Age5,Age6,Age7,Age8,Age9,Age10,Age11,Age12,Age13,Age14,Age15,Age16,Age17,Age18,Age19,Age20,Age21,Age22,Age23,Age24,Age25,Age26,Age27,Age28,Age29,Age30,Age31,Age32,Age33,Age34,Age35,Age36,Age37,Age38,Age39,Age40,Age41,Age42,Age43,Age44,Age45,Age46,Age47,Age48,Age49,Age50,Age51,Age52,Age53,Age54,Age55,Age56,Age57,Age58,Age59,Age60,Age61,Age62,Age63,Age64,Age65,Age66,Age67,Age68,Age69,Age70,Age71,Age72,Age73,Age74,Age75,Age76,Age77,Age78,Age79,Age80,Age81,Age82,Age83,Age84,Age85,Age86,Age87,Age88,Age89,Age90,Age91,Age92,Age93,Age94,Age95,Age96,Age97,Age98,Age99,Age100,Age101,Age102,Age103,Age104,Age105,Age106,Age107,Age108,Age109,Age110,Age111,Age112,Age113,Age114,Age115,Age116,Age117,Age118,Age119,Age120,Age121,Age122,Age123,Age124,Age125,Age126,Age127,Age128,Age129,Age130,Age131,Age132,Age133,Age134,Age135,Age136,Age137,Age138,Age139,Age140,Age141,Age142,Age143,Age144,Age145,Age146,Age147,Age148,Age149,Age150,Age151,Age152,Age153,Age154,Age155,Age156,Age157,Age158,Age159,Age160,Age161,Age162,Age163,Age164,Age165,Age166,Age167,Age168,Age169,Age170,Age171,Age172,Age173,Age174,Age175,Age176,Age177,Age178,Age179,Age180,Age181,Age182,Age183,Age184,Age185,Age186,Age187,Age188,Age189,Age190,Age191,Age192,Age193,Age194,Age195,Age196,Age197,Age198,Age199,Age200,Age201,Age202,Age203,Age204,Age205,Age206,Age207,Age208,Age209,Age210,Age211,Age212,Age213,Age214,Age215,Age216,Age217,Age218,Age219,Age220,Age221,Age222,Age223,Age224,Age225,Age226,Age227,Age228,Age229,Age230,Age231,Age232,Age233,Age234,Age235,Age236,Age237,Age238,Age239,Age240,Age241,Age242,Age243,Age244,Age245,Age246,Age247,Age248,Age249,Age250
G,Balsam fir,1,1,0,3.139662461,6.334449498,9.524587583,12.6971164,15.84595403,18.96761423,22.05988734,25.12128988,28.15079218,31.14766757,34.11140181,37.04163542,39.93812504,42.8007166,45.62932606,48.42392526,51.1845312,53.91119788,56.60400984,59.26307709,61.88853104,64.48052117,67.03921229,69.56478229,72.05742023,74.5173248,76.94470287,79.33976842,81.70274152,84.03384745,86.33331597,88.60138069,90.83827847,93.04424892,95.21953398,97.36437754,99.47902503,101.5637232,103.6187197,105.6442631,107.6406024,109.6079868,111.5466658,113.4568889,115.3389054,117.1929644,119.0193143,120.8182032,122.5898787,124.3345874,126.0525753,127.7440875,129.4093682,131.0486604,132.6622062,134.2502468,135.8130219,137.3507702,138.8637292,140.3521349,141.8162223,143.256225,144.672375,146.0649033,147.4340393,148.780011,150.1030449,151.4033663,152.6811987,153.9367644,155.1702841,156.3819771,157.572061,158.740752,159.8882649,161.0148129,162.1206076,163.2058592,164.2707762,165.3155657,166.3404334,167.3455832,168.3312175,169.2975375,170.2447424,171.1730303,172.0825975,172.9736389,173.8463478,174.7009161,175.5375341,176.3563906,177.1576731,177.9415672,178.7082574,179.4579266,180.1907561,180.9069258,181.6066143,182.2899985,182.957254,183.6085548,184.2440737,184.8639818,185.4684491,186.0576438,186.631733,187.1908823,187.7352558,188.2650164,188.7803255,189.2813432,189.7682281,190.2411377,190.7002278,191.1456532,191.5775673,191.9961219,192.4014679,192.7937546,193.1731301,193.5397412,193.8937335,194.2352512,194.5644373,194.8814335,195.1863804,195.4794171,195.7606818,196.0303113,196.288441,196.5352055,196.7707378,196.9951701,197.2086331,197.4112565,197.6031688,197.7844974,197.9553683,198.1159067,198.2662365,198.4064805,198.5367603,198.6571967,198.767909,198.8690156,198.960634,199.0428802,199.1158696,199.1797162,199.2345331,199.2804323,199.3175249,199.3459208,199.365729,199.3770574,199.3800129,199.3747016,199.3612284,199.3396973,199.3102112,199.2728723,199.2277817,199.1750394,199.1147448,199.046996,198.9718905,198.8895246,198.7999938,198.7033928,198.5998153,198.4893541,198.3721011,198.2481474,198.1175832,197.9804979,197.8369798,197.6871166,197.5309951,197.3687013,197.2003202,197.0259361,196.8456326,196.6594923,196.4675971,196.2700281,196.0668655,195.8581888,195.6440768,195.4246074,195.1998579,194.9699047,194.7348234,194.494689,194.2495757,193.999557,193.7447056,193.4850936,193.2207922,192.9518722,192.6784032,192.4004547,192.1180951,191.8313921,191.5404131,191.2452244,190.9458918,190.6424806,190.3350551,190.0236793,189.7084163,189.3893288,189.0664785,188.7399268,188.4097343,188.0759612,187.7386668,187.39791,187.053749,186.7062414,186.3554442,186.001414,185.6442065,185.283877,184.9204804,184.5540706,184.1847013,183.8124255,183.4372957,183.0593638,182.6786812,182.2952987,181.9092667,181.5206349,181.1294525,180.7357684,180.3396306,179.941087,179.5401847,179.1369705,178.7314904,178.3237903,177.9139153,177.5019101,177.0878191,176.671686,176.2535541,175.8334661,175.4114646,174.9875914
M,Balsam fir,2,1,0,3.139662461,6.334449498,9.524587583,12.6971164,15.84595403,18.96761423,22.05988734,25.12128988,28.15079218,31.14766757,34.11140181,37.04163542,39.93812504,42.8007166,45.62932606,48.42392526,51.1845312,53.91119788,56.60400984,59.26307709,61.88853104,64.48052117,67.03921229,69.56478229,72.05742023,74.5173248,76.94470287,79.33976842,81.70274152,84.03384745,86.33331597,88.60138069,90.83827847,93.04424892,95.21953398,97.36437754,99.47902503,101.5637232,103.6187197,105.6442631,107.6406024,109.6079868,111.5466658,113.4568889,115.3389054,117.1929644,119.0193143,120.8182032,122.5898787,124.3345874,126.0525753,127.7440875,129.4093682,131.0486604,132.6622062,134.2502468,135.8130219,137.3507702,138.8637292,140.3521349,141.8162223,143.256225,144.672375,146.0649033,147.4340393,148.780011,150.1030449,151.4033663,152.6811987,153.9367644,155.1702841,156.3819771,157.572061,158.740752,159.8882649,161.0148129,162.1206076,163.2058592,164.2707762,165.3155657,166.3404334,167.3455832,168.3312175,169.2975375,170.2447424,171.1730303,172.0825975,172.9736389,173.8463478,174.7009161,175.5375341,176.3563906,177.1576731,177.9415672,178.7082574,179.4579266,180.1907561,180.9069258,181.6066143,182.2899985,182.957254,183.6085548,184.2440737,184.8639818,185.4684491,186.0576438,186.631733,187.1908823,187.7352558,188.2650164,188.7803255,189.2813432,189.7682281,190.2411377,190.7002278,191.1456532,191.5775673,191.9961219,192.4014679,192.7937546,193.1731301,193.5397412,193.8937335,194.2352512,194.5644373,194.8814335,195.1863804,195.4794171,195.7606818,196.0303113,196.288441,196.5352055,196.7707378,196.9951701,197.2086331,197.4112565,197.6031688,197.7844974,197.9553683,198.1159067,198.2662365,198.4064805,198.5367603,198.6571967,198.767909,198.8690156,198.960634,199.0428802,199.1158696,199.1797162,199.2345331,199.2804323,199.3175249,199.3459208,199.365729,199.3770574,199.3800129,199.3747016,199.3612284,199.3396973,199.3102112,199.2728723,199.2277817,199.1750394,199.1147448,199.046996,198.9718905,198.8895246,198.7999938,198.7033928,198.5998153,198.4893541,198.3721011,198.2481474,198.1175832,197.9804979,197.8369798,197.6871166,197.5309951,197.3687013,197.2003202,197.0259361,196.8456326,196.6594923,196.4675971,196.2700281,196.0668655,195.8581888,195.6440768,195.4246074,195.1998579,194.9699047,194.7348234,194.494689,194.2495757,193.999557,193.7447056,193.4850936,193.2207922,192.9518722,192.6784032,192.4004547,192.1180951,191.8313921,191.5404131,191.2452244,190.9458918,190.6424806,190.3350551,190.0236793,189.7084163,189.3893288,189.0664785,188.7399268,188.4097343,188.0759612,187.7386668,187.39791,187.053749,186.7062414,186.3554442,186.001414,185.6442065,185.283877,184.9204804,184.5540706,184.1847013,183.8124255,183.4372957,183.0593638,182.6786812,182.2952987,181.9092667,181.5206349,181.1294525,180.7357684,180.3396306,179.941087,179.5401847,179.1369705,178.7314904,178.3237903,177.9139153,177.5019101,177.0878191,176.671686,176.2535541,175.8334661,175.4114646,174.9875914
P,Balsam fir,3,1,0,3.139662461,6.334449498,9.524587583,12.6971164,15.84595403,18.96761423,22.05988734,25.12128988,28.15079218,31.14766757,34.11140181,37.04163542,39.93812504,42.8007166,45.62932606,48.42392526,51.1845312,53.91119788,56.60400984,59.26307709,61.88853104,64.48052117,67.03921229,69.56478229,72.05742023,74.5173248,76.94470287,79.33976842,81.70274152,84.03384745,86.33331597,88.60138069,90.83827847,93.04424892,95.21953398,97.36437754,99.47902503,101.5637232,103.6187197,105.6442631,107.6406024,109.6079868,111.5466658,113.4568889,115.3389054,117.1929644,119.0193143,120.8182032,122.5898787,124.3345874,126.0525753,127.7440875,129.4093682,131.0486604,132.6622062,134.2502468,135.8130219,137.3507702,138.8637292,140.3521349,141.8162223,143.256225,144.672375,146.0649033,147.4340393,148.780011,150.1030449,151.4033663,152.6811987,153.9367644,155.1702841,156.3819771,157.572061,158.740752,159.8882649,161.0148129,162.1206076,163.2058592,164.2707762,165.3155657,166.3404334,167.3455832,168.3312175,169.2975375,170.2447424,171.1730303,172.0825975,172.9736389,173.8463478,174.7009161,175.5375341,176.3563906,177.1576731,177.9415672,178.7082574,179.4579266,180.1907561,180.9069258,181.6066143,182.2899985,182.957254,183.6085548,184.2440737,184.8639818,185.4684491,186.0576438,186.631733,187.1908823,187.7352558,188.2650164,188.7803255,189.2813432,189.7682281,190.2411377,190.7002278,191.1456532,191.5775673,191.9961219,192.4014679,192.7937546,193.1731301,193.5397412,193.8937335,194.2352512,194.5644373,194.8814335,195.1863804,195.4794171,195.7606818,196.0303113,196.288441,196.5352055,196.7707378,196.9951701,197.2086331,197.4112565,197.6031688,197.7844974,197.9553683,198.1159067,198.2662365,198.4064805,198.5367603,198.6571967,198.767909,198.8690156,198.960634,199.0428802,199.1158696,199.1797162,199.2345331,199.2804323,199.3175249,199.3459208,199.365729,199.3770574,199.3800129,199.3747016,199.3612284,199.3396973,199.3102112,199.2728723,199.2277817,199.1750394,199.1147448,199.046996,198.9718905,198.8895246,198.7999938,198.7033928,198.5998153,198.4893541,198.3721011,198.2481474,198.1175832,197.9804979,197.8369798,197.6871166,197.5309951,197.3687013,197.2003202,197.0259361,196.8456326,196.6594923,196.4675971,196.2700281,196.0668655,195.8581888,195.6440768,195.4246074,195.1998579,194.9699047,194.7348234,194.494689,194.2495757,193.999557,193.7447056,193.4850936,193.2207922,192.9518722,192.6784032,192.4004547,192.1180951,191.8313921,191.5404131,191.2452244,190.9458918,190.6424806,190.3350551,190.0236793,189.7084163,189.3893288,189.0664785,188.7399268,188.4097343,188.0759612,187.7386668,187.39791,187.053749,186.7062414,186.3554442,186.001414,185.6442065,185.283877,184.9204804,184.5540706,184.1847013,183.8124255,183.4372957,183.0593638,182.6786812,182.2952987,181.9092667,181.5206349,181.1294525,180.7357684,180.3396306,179.941087,179.5401847,179.1369705,178.7314904,178.3237903,177.9139153,177.5019101,177.0878191,176.671686,176.2535541,175.8334661,175.4114646,174.9875914
G,Balsam poplar,1,2,0,1.124905263,3.192929771,5.842892085,8.933393322,12.37764601,16.11419543,20.09608822,24.2857147,28.65196876,33.16852532,37.81271997,42.56478099,47.40728031,52.32472774,57.30326257,62.33041366,67.39490895,72.48652183,77.59594509,82.71468632,87.83498008,92.94971325,98.05236121,103.1369326,108.1979212,113.2302642,118.2293045,123.1907583,128.1106856,132.9854639,137.8117645,142.5865313,147.3069615,151.9704879,156.5747627,161.117643,165.5971774,170.0115933,174.3592858,178.6388069,182.8488555,186.988269,191.056014,195.0511792,198.9729674,202.8206892,206.5937562,210.2916751,213.9140422,217.4605381,220.9309225,224.3250297,227.6427642,230.8840967,234.0490599,237.1377448,240.1502977,243.0869161,245.9478466,248.7333809,251.4438538,254.0796401,256.6411524,259.1288384,261.5431791,263.884686,266.1538997,268.3513878,270.4777427,272.5335803,274.5195384,276.4362745,278.284465,280.0648034,281.7779992,283.4247764,285.0058721,286.5220359,287.9740284,289.3626201,290.6885906,291.9527276,293.1558258,294.2986864,295.382116,296.4069259,297.3739312,298.2839505,299.1378049,299.9363174,300.6803123,301.3706147,302.00805,302.5934433,303.1276188,303.6113996,304.0456068,304.4310598,304.7685753,305.058967,305.3030456,305.501618,305.6554874,305.7654527,305.8323083,305.8568441,305.8398447,305.7820896,305.684353,305.5474033,305.3720031,305.1589089,304.9088712,304.622634,304.3009349,303.9445047,303.5540676,303.1303409,302.6740348,302.1858527,301.6664905,301.116637,300.5369737,299.9281747,299.2909065,298.6258283,297.9335917,297.2148405,296.4702112,295.7003324,294.905825,294.0873024,293.2453702,292.3806262,291.4936606,290.5850557,289.6553862,288.7052191,287.7351137,286.7456216,285.7372866,284.710645,283.6662255,282.6045491,281.5261294,280.4314721,279.3210759,278.1954316,277.055023,275.9003261,274.7318098,273.5499357,272.3551582,271.1479244,269.9286743,268.6978408,267.4558498,266.2031202,264.940064,263.6670863,262.3845854,261.0929528,259.7925734,258.4838254,257.1670806,255.842704,254.5110544,253.172484,251.827339,250.4759591,249.1186778,247.7558227,246.387715,245.0146704,243.6369981,242.2550019,240.8689795,239.4792231,238.0860192,236.6896486,235.2903866,233.8885031,232.4842626,231.0779242,229.6697418,228.2599642,226.8488348,225.4365921,224.0234698,222.6096963,221.1954954,219.7810859,218.366682,216.9524932,215.5387245,214.125576,212.7132437,211.301919,209.891789,208.4830364,207.0758398,205.6703735,204.2668078,202.8653089,201.466039,200.0691563,198.6748153,197.2831666,195.8943568,194.5085293,193.1258234,191.746375,190.3703165,188.9977768,187.6288813,186.263752,184.9025079,183.5452644,182.1921338,180.8432252,179.4986447,178.1584953,176.8228771,175.4918869,174.165619,172.8441647,171.5276125,170.2160479,168.9095542,167.6082116,166.3120979,165.0212883,163.7358553,162.4558692,161.1813976,159.9125059,158.6492571,157.3917119,156.1399287,154.8939636,153.6538706,152.4197017,151.1915066,149.969333,148.7532265,147.5432308,146.3393878,145.1417371,143.9503168,142.765163
M,Balsam poplar,2,2,0,1.124905263,3.192929771,5.842892085,8.933393322,12.37764601,16.11419543,20.09608822,24.2857147,28.65196876,33.16852532,37.81271997,42.56478099,47.40728031,52.32472774,57.30326257,62.33041366,67.39490895,72.48652183,77.59594509,82.71468632,87.83498008,92.94971325,98.05236121,103.1369326,108.1979212,113.2302642,118.2293045,123.1907583,128.1106856,132.9854639,137.8117645,142.5865313,147.3069615,151.9704879,156.5747627,161.117643,165.5971774,170.0115933,174.3592858,178.6388069,182.8488555,186.988269,191.056014,195.0511792,198.9729674,202.8206892,206.5937562,210.2916751,213.9140422,217.4605381,220.9309225,224.3250297,227.6427642,230.8840967,234.0490599,237.1377448,240.1502977,243.0869161,245.9478466,248.7333809,251.4438538,254.0796401,256.6411524,259.1288384,261.5431791,263.884686,266.1538997,268.3513878,270.4777427,272.5335803,274.5195384,276.4362745,278.284465,280.0648034,281.7779992,283.4247764,285.0058721,286.5220359,287.9740284,289.3626201,290.6885906,291.9527276,293.1558258,294.2986864,295.382116,296.4069259,297.3739312,298.2839505,299.1378049,299.9363174,300.6803123,301.3706147,302.00805,302.5934433,303.1276188,303.6113996,304.0456068,304.4310598,304.7685753,305.058967,305.3030456,305.501618,305.6554874,305.7654527,305.8323083,305.8568441,305.8398447,305.7820896,305.684353,305.5474033,305.3720031,305.1589089,304.9088712,304.622634,304.3009349,303.9445047,303.5540676,303.1303409,302.6740348,302.1858527,301.6664905,301.116637,300.5369737,299.9281747,299.2909065,298.6258283,297.9335917,297.2148405,296.4702112,295.7003324,294.905825,294.0873024,293.2453702,292.3806262,291.4936606,290.5850557,289.6553862,288.7052191,287.7351137,286.7456216,285.7372866,284.710645,283.6662255,282.6045491,281.5261294,280.4314721,279.3210759,278.1954316,277.055023,275.9003261,274.7318098,273.5499357,272.3551582,271.1479244,269.9286743,268.6978408,267.4558498,266.2031202,264.940064,263.6670863,262.3845854,261.0929528,259.7925734,258.4838254,257.1670806,255.842704,254.5110544,253.172484,251.827339,250.4759591,249.1186778,247.7558227,246.387715,245.0146704,243.6369981,242.2550019,240.8689795,239.4792231,238.0860192,236.6896486,235.2903866,233.8885031,232.4842626,231.0779242,229.6697418,228.2599642,226.8488348,225.4365921,224.0234698,222.6096963,221.1954954,219.7810859,218.366682,216.9524932,215.5387245,214.125576,212.7132437,211.301919,209.891789,208.4830364,207.0758398,205.6703735,204.2668078,202.8653089,201.466039,200.0691563,198.6748153,197.2831666,195.8943568,194.5085293,193.1258234,191.746375,190.3703165,188.9977768,187.6288813,186.263752,184.9025079,183.5452644,182.1921338,180.8432252,179.4986447,178.1584953,176.8228771,175.4918869,174.165619,172.8441647,171.5276125,170.2160479,168.9095542,167.6082116,166.3120979,165.0212883,163.7358553,162.4558692,161.1813976,159.9125059,158.6492571,157.3917119,156.1399287,154.8939636,153.6538706,152.4197017,151.1915066,149.969333,148.7532265,147.5432308,146.3393878,145.1417371,143.9503168,142.765163
P,Balsam poplar,3,2,0,1.124905263,3.192929771,5.842892085,8.933393322,12.37764601,16.11419543,20.09608822,24.2857147,28.65196876,33.16852532,37.81271997,42.56478099,47.40728031,52.32472774,57.30326257,62.33041366,67.39490895,72.48652183,77.59594509,82.71468632,87.83498008,92.94971325,98.05236121,103.1369326,108.1979212,113.2302642,118.2293045,123.1907583,128.1106856,132.9854639,137.8117645,142.5865313,147.3069615,151.9704879,156.5747627,161.117643,165.5971774,170.0115933,174.3592858,178.6388069,182.8488555,186.988269,191.056014,195.0511792,198.9729674,202.8206892,206.5937562,210.2916751,213.9140422,217.4605381,220.9309225,224.3250297,227.6427642,230.8840967,234.0490599,237.1377448,240.1502977,243.0869161,245.9478466,248.7333809,251.4438538,254.0796401,256.6411524,259.1288384,261.5431791,263.884686,266.1538997,268.3513878,270.4777427,272.5335803,274.5195384,276.4362745,278.284465,280.0648034,281.7779992,283.4247764,285.0058721,286.5220359,287.9740284,289.3626201,290.6885906,291.9527276,293.1558258,294.2986864,295.382116,296.4069259,297.3739312,298.2839505,299.1378049,299.9363174,300.6803123,301.3706147,302.00805,302.5934433,303.1276188,303.6113996,304.0456068,304.4310598,304.7685753,305.058967,305.3030456,305.501618,305.6554874,305.7654527,305.8323083,305.8568441,305.8398447,305.7820896,305.684353,305.5474033,305.3720031,305.1589089,304.9088712,304.622634,304.3009349,303.9445047,303.5540676,303.1303409,302.6740348,302.1858527,301.6664905,301.116637,300.5369737,299.9281747,299.2909065,298.6258283,297.9335917,297.2148405,296.4702112,295.7003324,294.905825,294.0873024,293.2453702,292.3806262,291.4936606,290.5850557,289.6553862,288.7052191,287.7351137,286.7456216,285.7372866,284.710645,283.6662255,282.6045491,281.5261294,280.4314721,279.3210759,278.1954316,277.055023,275.9003261,274.7318098,273.5499357,272.3551582,271.1479244,269.9286743,268.6978408,267.4558498,266.2031202,264.940064,263.6670863,262.3845854,261.0929528,259.7925734,258.4838254,257.1670806,255.842704,254.5110544,253.172484,251.827339,250.4759591,249.1186778,247.7558227,246.387715,245.0146704,243.6369981,242.2550019,240.8689795,239.4792231,238.0860192,236.6896486,235.2903866,233.8885031,232.4842626,231.0779242,229.6697418,228.2599642,226.8488348,225.4365921,224.0234698,222.6096963,221.1954954,219.7810859,218.366682,216.9524932,215.5387245,214.125576,212.7132437,211.301919,209.891789,208.4830364,207.0758398,205.6703735,204.2668078,202.8653089,201.466039,200.0691563,198.6748153,197.2831666,195.8943568,194.5085293,193.1258234,191.746375,190.3703165,188.9977768,187.6288813,186.263752,184.9025079,183.5452644,182.1921338,180.8432252,179.4986447,178.1584953,176.8228771,175.4918869,174.165619,172.8441647,171.5276125,170.2160479,168.9095542,167.6082116,166.3120979,165.0212883,163.7358553,162.4558692,161.1813976,159.9125059,158.6492571,157.3917119,156.1399287,154.8939636,153.6538706,152.4197017,151.1915066,149.969333,148.7532265,147.5432308,146.3393878,145.1417371,143.9503168,142.765163
G,Black spruce,1,3,0,0.850481187,2.023293952,3.345612551,4.766646884,6.259067857,7.80529581,9.392892036,11.01251283,12.65684549,14.31999388,15.99709592,17.68407159,19.37744924,21.07424153,22.77185419,24.4680171,26.16073125,27.84822707,29.52893116,31.20143945,32.86449516,34.51697055,36.15785169,37.78622556,39.40126909,41.0022398,42.58846762,44.15934791,45.71433528,47.25293817,48.77471409,50.27926543,51.76623562,53.23530582,54.68619189,56.11864167,57.5324325,58.92736907,60.30328131,61.66002261,62.99746813,64.31551326,65.61407221,66.89307671,68.15247485,69.39222991,70.61231944,71.81273422,72.99347745,74.15456393,75.2960193,76.41787931,77.52018922,78.60300313,79.66638348,80.71040043,81.73513144,82.74066073,83.72707889,84.69448246,85.6429735,86.57265928,87.48365189,88.37606796,89.25002829,90.10565764,90.94308437,91.76244028,92.56386026,93.34748216,94.11344649,94.86189628,95.59297683,96.30683557,97.00362185,97.68348678,98.3465831,98.993065,99.62308799,100.2368087,100.834385,101.4159755,101.9817397,102.5318378,103.0664307,103.5856796,104.0897462,104.5787927,105.0529814,105.5124746,105.9574349,106.3880249,106.8044071,107.2067437,107.595197,107.9699289,108.331101,108.6788745,109.0134104,109.3348689,109.64341,109.9391931,110.2223769,110.4931194,110.7515783,110.9979103,111.2322714,111.4548169,111.6657014,111.8650784,112.0531008,112.2299207,112.395689,112.5505559,112.6946707,112.8281816,112.9512359,113.06398,113.166559,113.2591174,113.3417984,113.4147441,113.4780957,113.5319933,113.5765759,113.6119813,113.6383465,113.655807,113.6644975,113.6645515,113.6561013,113.639278,113.6142119,113.5810318,113.5398656,113.4908399,113.4340801,113.3697108,113.297855,113.2186349,113.1321713,113.038584,112.9379917,112.8305118,112.7162605,112.5953531,112.4679036,112.3340248,112.1938285,112.0474253,111.8949246,111.7364347,111.5720629,111.4019152,111.2260966,111.0447109,110.8578608,110.665648,110.4681729,110.2655349,110.0578324,109.8451626,109.6276217,109.4053047,109.1783055,108.9467173,108.7106317,108.4701397,108.225331,107.9762944,107.7231174,107.4658869,107.2046885,106.9396067,106.6707253,106.3981268,106.1218929,105.8421042,105.5588404,105.2721801,104.9822012,104.6889803,104.3925933,104.093115,103.7906194,103.4851795,103.1768673,102.865754,102.5519099,102.2354044,101.9163058,101.5946818,101.2705991,100.9441235,100.6153199,100.2842525,99.95098451,99.61557837,99.27809567,98.93859716,98.59714277,98.25379165,97.9086021,97.56163167,97.21293708,96.8625743,96.51059851,96.15706412,95.80202479,95.44553342,95.08764216,94.72840243,94.36786493,94.0060796,93.6430957,93.27896177,92.91372563,92.54743443,92.18013461,91.81187194,91.44269152,91.07263776,90.70175443,90.33008465,89.95767086,89.5845549,89.21077795,88.83638057,88.4614027,88.08588366,87.70986218,87.33337637,86.95646375,86.57916125,86.20150524,85.82353148,85.44527518,85.06677099,84.688053,84.30915475,83.93010923,83.55094889,83.17170566,82.79241094,82.41309561,82.03379003,81.65452404,81.27532702,80.8962278,80.51725476
M,Black spruce,2,3,0,0.287469139,0.79983221,1.447522522,2.196744995,3.027133058,3.924453435,4.877941099,5.879042377,6.920728458,7.997082023,9.103030204,10.23416264,11.3866022,12.55690997,13.74201343,14.93915089,16.14582757,17.3597804,18.57894925,19.80145314,21.02557045,22.24972206,23.47245706,24.69244047,25.90844249,27.11932926,28.32405463,29.52165294,30.71123263,31.89197046,33.06310638,34.22393895,35.37382112,36.51215643,37.6383956,38.75203333,39.85260546,40.93968631,42.01288623,43.07184936,44.11625157,45.14579851,46.16022386,47.15928761,48.14277459,49.11049297,50.06227294,50.99796542,51.91744093,52.82058843,53.7073143,54.57754139,55.43120803,56.26826725,57.08868589,57.89244385,58.67953338,59.44995838,60.20373374,60.94088471,61.66144635,62.36546296,63.05298755,63.72408133,64.37881326,65.01725959,65.63950343,66.24563434,66.83574796,67.40994561,67.96833398,68.51102476,69.03813436,69.54978356,70.04609727,70.52720422,70.99323671,71.44433037,71.88062391,72.30225888,72.7093795,73.1021324,73.48066645,73.84513257,74.19568353,74.53247383,74.85565947,75.16539785,75.46184757,75.74516834,76.01552082,76.27306648,76.51796748,76.75038657,76.97048698,77.17843229,77.37438632,77.55851307,77.73097663,77.89194103,78.04157021,78.18002795,78.30747775,78.42408277,78.53000579,78.62540912,78.71045454,78.78530323,78.85011574,78.90505193,78.95027091,78.98593098,79.01218962,79.02920343,79.03712806,79.03611823,79.02632765,79.00790901,78.98101392,78.94579291,78.90239539,78.85096963,78.7916627,78.72462052,78.64998775,78.56790785,78.478523,78.38197413,78.27840086,78.16794153,78.05073316,77.92691143,77.79661069,77.65996394,77.51710283,77.36815765,77.21325729,77.05252928,76.88609979,76.71409355,76.53663395,76.35384295,76.16584113,75.97274768,75.77468037,75.57175559,75.36408833,75.15179218,74.93497933,74.71376059,74.48824537,74.2585417,74.02475623,73.78699423,73.54535959,73.29995483,73.05088113,72.79823828,72.54212474,72.28263763,72.01987271,71.75392443,71.4848859,71.21284894,70.93790404,70.66014039,70.37964591,70.09650721,69.81080965,69.52263731,69.23207303,68.93919838,68.64409371,68.34683816,68.04750961,67.74618478,67.44293915,67.13784705,66.83098161,66.5224148,66.21221743,65.90045919,65.58720859,65.27253306,64.95649888,64.63917126,64.32061431,64.00089103,63.68006339,63.35819227,63.03533753,62.71155797,62.38691137,62.0614545,61.73524312,61.408332,61.08077492,60.75262469,60.42393318,60.09475127,59.76512895,59.43511523,59.10475825,58.7741052,58.44320242,58.11209532,57.78082846,57.44944554,57.1179894,56.78650203,56.45502459,56.12359744,55.79226008,55.46105127,55.13000893,54.79917022,54.46857154,54.13824849,53.80823597,53.47856811,53.14927831,52.82039925,52.49196291,52.16400056,51.83654277,51.50961944,51.1832598,50.85749241,50.53234516,50.20784533,49.88401953,49.56089376,49.2384934,48.91684322,48.59596739,48.27588949,47.95663252,47.63821889,47.32067046,47.00400853,46.68825385,46.37342662,46.05954654,45.74663273,45.43470385,45.12377802,44.81387286,44.50500551,44.19719262,43.89045035
P,Black spruce,3,3,0,0.287469139,0.79983221,1.447522522,2.196744995,3.027133058,3.924453435,4.877941099,5.879042377,6.920728458,7.997082023,9.103030204,10.23416264,11.3866022,12.55690997,13.74201343,14.93915089,16.14582757,17.3597804,18.57894925,19.80145314,21.02557045,22.24972206,23.47245706,24.69244047,25.90844249,27.11932926,28.32405463,29.52165294,30.71123263,31.89197046,33.06310638,34.22393895,35.37382112,36.51215643,37.6383956,38.75203333,39.85260546,40.93968631,42.01288623,43.07184936,44.11625157,45.14579851,46.16022386,47.15928761,48.14277459,49.11049297,50.06227294,50.99796542,51.91744093,52.82058843,53.7073143,54.57754139,55.43120803,56.26826725,57.08868589,57.89244385,58.67953338,59.44995838,60.20373374,60.94088471,61.66144635,62.36546296,63.05298755,63.72408133,64.37881326,65.01725959,65.63950343,66.24563434,66.83574796,67.40994561,67.96833398,68.51102476,69.03813436,69.54978356,70.04609727,70.52720422,70.99323671,71.44433037,71.88062391,72.30225888,72.7093795,73.1021324,73.48066645,73.84513257,74.19568353,74.53247383,74.85565947,75.16539785,75.46184757,75.74516834,76.01552082,76.27306648,76.51796748,76.75038657,76.97048698,77.17843229,77.37438632,77.55851307,77.73097663,77.89194103,78.04157021,78.18002795,78.30747775,78.42408277,78.53000579,78.62540912,78.71045454,78.78530323,78.85011574,78.90505193,78.95027091,78.98593098,79.01218962,79.02920343,79.03712806,79.03611823,79.02632765,79.00790901,78.98101392,78.94579291,78.90239539,78.85096963,78.7916627,78.72462052,78.64998775,78.56790785,78.478523,78.38197413,78.27840086,78.16794153,78.05073316,77.92691143,77.79661069,77.65996394,77.51710283,77.36815765,77.21325729,77.05252928,76.88609979,76.71409355,76.53663395,76.35384295,76.16584113,75.97274768,75.77468037,75.57175559,75.36408833,75.15179218,74.93497933,74.71376059,74.48824537,74.2585417,74.02475623,73.78699423,73.54535959,73.29995483,73.05088113,72.79823828,72.54212474,72.28263763,72.01987271,71.75392443,71.4848859,71.21284894,70.93790404,70.66014039,70.37964591,70.09650721,69.81080965,69.52263731,69.23207303,68.93919838,68.64409371,68.34683816,68.04750961,67.74618478,67.44293915,67.13784705,66.83098161,66.5224148,66.21221743,65.90045919,65.58720859,65.27253306,64.95649888,64.63917126,64.32061431,64.00089103,63.68006339,63.35819227,63.03533753,62.71155797,62.38691137,62.0614545,61.73524312,61.408332,61.08077492,60.75262469,60.42393318,60.09475127,59.76512895,59.43511523,59.10475825,58.7741052,58.44320242,58.11209532,57.78082846,57.44944554,57.1179894,56.78650203,56.45502459,56.12359744,55.79226008,55.46105127,55.13000893,54.79917022,54.46857154,54.13824849,53.80823597,53.47856811,53.14927831,52.82039925,52.49196291,52.16400056,51.83654277,51.50961944,51.1832598,50.85749241,50.53234516,50.20784533,49.88401953,49.56089376,49.2384934,48.91684322,48.59596739,48.27588949,47.95663252,47.63821889,47.32067046,47.00400853,46.68825385,46.37342662,46.05954654,45.74663273,45.43470385,45.12377802,44.81387286,44.50500551,44.19719262,43.89045035
G,Jack pine,1,4,0,1.023960198,2.566671593,4.373231946,6.361994078,8.487354173,10.71917093,13.03564956,15.42011714,17.85931758,20.34241292,22.86035385,25.4054601,27.97112845,30.55162204,33.14191394,35.73756817,38.3346472,40.92963879,43.51939725,46.10109549,48.67218556,51.23036571,53.77355267,56.29985809,58.80756837,61.29512729,63.76112091,66.20426436,68.6233903,71.01743865,73.38544754,75.72654526,78.03994296,80.3249282,82.58085912,84.80715909,87.00331195,89.16885764,91.30338822,93.4065442,95.47801125,97.51751709,99.52482869,101.4997497,103.4421178,105.3518031,107.2287052,109.072752,110.8838975,112.6621204,114.4074223,116.1198264,117.7993762,119.446134,121.06018,122.641611,124.1905394,125.7070922,127.1914102,128.6436468,130.0639676,131.4525494,132.8095794,134.1352547,135.4297816,136.6933746,137.9262567,139.128658,140.3008154,141.4429725,142.5553785,143.6382883,144.6919618,145.7166636,146.7126626,147.6802315,148.6196468,149.5311881,150.4151379,151.2717817,152.1014071,152.9043039,153.6807637,154.4310799,155.1555474,155.8544619,156.5281205,157.1768209,157.8008615,158.4005411,158.9761588,159.5280138,160.0564053,160.5616324,161.0439937,161.5037876,161.9413117,162.3568631,162.7507381,163.123232,163.4746393,163.8052532,164.115366,164.4052684,164.6752502,164.9255994,165.1566027,165.3685454,165.5617109,165.7363811,165.8928362,166.0313545,166.1522127,166.2556854,166.3420454,166.4115635,166.4645085,166.5011474,166.5217447,166.5265632,166.5158634,166.4899037,166.4489403,166.3932273,166.3230164,166.2385573,166.1400973,166.0278814,165.9021525,165.763151,165.6111151,165.4462809,165.2688817,165.079149,164.8773115,164.663596,164.4382266,164.2014253,163.9534116,163.6944028,163.4246138,163.1442571,162.853543,162.5526793,162.2418716,161.9213232,161.5912349,161.2518055,160.9032311,160.5457058,160.1794214,159.8045672,159.4213306,159.0298962,158.630447,158.2231632,157.808223,157.3858025,156.9560755,156.5192134,156.0753858,155.6247598,155.1675006,154.7037711,154.233732,153.7575422,153.2753582,152.7873346,152.2936238,151.7943762,151.2897403,150.7798622,150.2648864,149.7449553,149.2202091,148.6907864,148.1568235,147.618455,147.0758136,146.5290299,145.9782329,145.4235496,144.865105,144.3030225,143.7374236,143.168428,142.5961537,142.0207168,141.4422318,140.8608113,140.2765664,139.6896063,139.1000386,138.5079693,137.9135027,137.3167414,136.7177866,136.1167377,135.5136926,134.9087476,134.3019975,133.6935356,133.0834536,132.4718417,131.8587888,131.244382,130.6287073,130.0118491,129.3938904,128.7749128,128.1549965,127.5342204,126.9126619,126.2903973,125.6675013,125.0440475,124.4201081,123.7957542,123.1710553,122.5460801,121.9208956,121.2955679,120.6701619,120.044741,119.4193679,118.7941037,118.1690087,117.5441418,116.919561,116.295323,115.6714835,115.0480973,114.4252179,113.8028977,113.1811884,112.5601404,111.9398031,111.3202251,110.7014539,110.0835359,109.4665167,108.850441,108.2353525,107.621294,107.0083073,106.3964334,105.7857125,105.1761837,104.5678855,103.9608553
M,Jack pine,2,4,0,1.023960198,2.566671593,4.373231946,6.361994078,8.487354173,10.71917093,13.03564956,15.42011714,17.85931758,20.34241292,22.86035385,25.4054601,27.97112845,30.55162204,33.14191394,35.73756817,38.3346472,40.92963879,43.51939725,46.10109549,48.67218556,51.23036571,53.77355267,56.29985809,58.80756837,61.29512729,63.76112091,66.20426436,68.6233903,71.01743865,73.38544754,75.72654526,78.03994296,80.3249282,82.58085912,84.80715909,87.00331195,89.16885764,91.30338822,93.4065442,95.47801125,97.51751709,99.52482869,101.4997497,103.4421178,105.3518031,107.2287052,109.072752,110.8838975,112.6621204,114.4074223,116.1198264,117.7993762,119.446134,121.06018,122.641611,124.1905394,125.7070922,127.1914102,128.6436468,130.0639676,131.4525494,132.8095794,134.1352547,135.4297816,136.6933746,137.9262567,139.128658,140.3008154,141.4429725,142.5553785,143.6382883,144.6919618,145.7166636,146.7126626,147.6802315,148.6196468,149.5311881,150.4151379,151.2717817,152.1014071,152.9043039,153.6807637,154.4310799,155.1555474,155.8544619,156.5281205,157.1768209,157.8008615,158.4005411,158.9761588,159.5280138,160.0564053,160.5616324,161.0439937,161.5037876,161.9413117,162.3568631,162.7507381,163.123232,163.4746393,163.8052532,164.115366,164.4052684,164.6752502,164.9255994,165.1566027,165.3685454,165.5617109,165.7363811,165.8928362,166.0313545,166.1522127,166.2556854,166.3420454,166.4115635,166.4645085,166.5011474,166.5217447,166.5265632,166.5158634,166.4899037,166.4489403,166.3932273,166.3230164,166.2385573,166.1400973,166.0278814,165.9021525,165.763151,165.6111151,165.4462809,165.2688817,165.079149,164.8773115,164.663596,164.4382266,164.2014253,163.9534116,163.6944028,163.4246138,163.1442571,162.853543,162.5526793,162.2418716,161.9213232,161.5912349,161.2518055,160.9032311,160.5457058,160.1794214,159.8045672,159.4213306,159.0298962,158.630447,158.2231632,157.808223,157.3858025,156.9560755,156.5192134,156.0753858,155.6247598,155.1675006,154.7037711,154.233732,153.7575422,153.2753582,152.7873346,152.2936238,151.7943762,151.2897403,150.7798622,150.2648864,149.7449553,149.2202091,148.6907864,148.1568235,147.618455,147.0758136,146.5290299,145.9782329,145.4235496,144.865105,144.3030225,143.7374236,143.168428,142.5961537,142.0207168,141.4422318,140.8608113,140.2765664,139.6896063,139.1000386,138.5079693,137.9135027,137.3167414,136.7177866,136.1167377,135.5136926,134.9087476,134.3019975,133.6935356,133.0834536,132.4718417,131.8587888,131.244382,130.6287073,130.0118491,129.3938904,128.7749128,128.1549965,127.5342204,126.9126619,126.2903973,125.6675013,125.0440475,124.4201081,123.7957542,123.1710553,122.5460801,121.9208956,121.2955679,120.6701619,120.044741,119.4193679,118.7941037,118.1690087,117.5441418,116.919561,116.295323,115.6714835,115.0480973,114.4252179,113.8028977,113.1811884,112.5601404,111.9398031,111.3202251,110.7014539,110.0835359,109.4665167,108.850441,108.2353525,107.621294,107.0083073,106.3964334,105.7857125,105.1761837,104.5678855,103.9608553
P,Jack pine,3,4,0,1.023960198,2.566671593,4.373231946,6.361994078,8.487354173,10.71917093,13.03564956,15.42011714,17.85931758,20.34241292,22.86035385,25.4054601,27.97112845,30.55162204,33.14191394,35.73756817,38.3346472,40.92963879,43.51939725,46.10109549,48.67218556,51.23036571,53.77355267,56.29985809,58.80756837,61.29512729,63.76112091,66.20426436,68.6233903,71.01743865,73.38544754,75.72654526,78.03994296,80.3249282,82.58085912,84.80715909,87.00331195,89.16885764,91.30338822,93.4065442,95.47801125,97.51751709,99.52482869,101.4997497,103.4421178,105.3518031,107.2287052,109.072752,110.8838975,112.6621204,114.4074223,116.1198264,117.7993762,119.446134,121.06018,122.641611,124.1905394,125.7070922,127.1914102,128.6436468,130.0639676,131.4525494,132.8095794,134.1352547,135.4297816,136.6933746,137.9262567,139.128658,140.3008154,141.4429725,142.5553785,143.6382883,144.6919618,145.7166636,146.7126626,147.6802315,148.6196468,149.5311881,150.4151379,151.2717817,152.1014071,152.9043039,153.6807637,154.4310799,155.1555474,155.8544619,156.5281205,157.1768209,157.8008615,158.4005411,158.9761588,159.5280138,160.0564053,160.5616324,161.0439937,161.5037876,161.9413117,162.3568631,162.7507381,163.123232,163.4746393,163.8052532,164.115366,164.4052684,164.6752502,164.9255994,165.1566027,165.3685454,165.5617109,165.7363811,165.8928362,166.0313545,166.1522127,166.2556854,166.3420454,166.4115635,166.4645085,166.5011474,166.5217447,166.5265632,166.5158634,166.4899037,166.4489403,166.3932273,166.3230164,166.2385573,166.1400973,166.0278814,165.9021525,165.763151,165.6111151,165.4462809,165.2688817,165.079149,164.8773115,164.663596,164.4382266,164.2014253,163.9534116,163.6944028,163.4246138,163.1442571,162.853543,162.5526793,162.2418716,161.9213232,161.5912349,161.2518055,160.9032311,160.5457058,160.1794214,159.8045672,159.4213306,159.0298962,158.630447,158.2231632,157.808223,157.3858025,156.9560755,156.5192134,156.0753858,155.6247598,155.1675006,154.7037711,154.233732,153.7575422,153.2753582,152.7873346,152.2936238,151.7943762,151.2897403,150.7798622,150.2648864,149.7449553,149.2202091,148.6907864,148.1568235,147.618455,147.0758136,146.5290299,145.9782329,145.4235496,144.865105,144.3030225,143.7374236,143.168428,142.5961537,142.0207168,141.4422318,140.8608113,140.2765664,139.6896063,139.1000386,138.5079693,137.9135027,137.3167414,136.7177866,136.1167377,135.5136926,134.9087476,134.3019975,133.6935356,133.0834536,132.4718417,131.8587888,131.244382,130.6287073,130.0118491,129.3938904,128.7749128,128.1549965,127.5342204,126.9126619,126.2903973,125.6675013,125.0440475,124.4201081,123.7957542,123.1710553,122.5460801,121.9208956,121.2955679,120.6701619,120.044741,119.4193679,118.7941037,118.1690087,117.5441418,116.919561,116.295323,115.6714835,115.0480973,114.4252179,113.8028977,113.1811884,112.5601404,111.9398031,111.3202251,110.7014539,110.0835359,109.4665167,108.850441,108.2353525,107.621294,107.0083073,106.3964334,105.7857125,105.1761837,104.5678855,103.9608553
G,Trembling aspen,1,5,0,6.049958061,10.97915322,15.53070554,19.83885436,23.96457586,27.94281725,31.79624753,35.54077186,39.18817631,42.7475545,46.2261445,49.62985195,52.96359367,56.23153255,59.43724356,62.58383433,65.67403486,68.71026555,71.69468988,74.62925563,77.51572777,80.35571491,83.15069086,85.90201238,88.61093389,91.27861983,93.90615504,96.49455358,99.04476633,101.5576875,104.0341601,106.4749811,108.8809055,111.2526501,113.5908967,115.8962954,118.1694668,120.4110045,122.6214769,124.8014296,126.9513865,129.0718517,131.1633106,133.2262312,135.2610654,137.2682499,139.2482068,141.2013452,143.1280612,145.0287392,146.9037522,148.7534626,150.5782229,152.3783756,154.1542545,155.9061846,157.6344827,159.3394579,161.0214117,162.6806385,164.317426,165.9320551,167.5248008,169.0959321,170.645712,172.1743982,173.6822432,175.1694942,176.6363937,178.0831794,179.5100845,180.9173377,182.3051638,183.6737833,185.0234127,186.3542649,187.6665489,188.9604703,190.2362313,191.4940305,192.7340636,193.956523,195.1615978,196.3494747,197.5203369,198.6743653,199.8117379,200.9326299,202.0372142,203.125661,204.1981382,205.2548111,206.295843,207.3213947,208.3316249,209.32669,210.3067445,211.2719408,212.2224292,213.1583582,214.0798741,214.9871216,215.8802436,216.7593809,217.6246729,218.476257,219.3142692,220.1388435,220.9501126,221.7482074,222.5332575,223.3053908,224.0647336,224.8114111,225.5455466,226.2672624,226.9766793,227.6739165,228.3590922,229.0323232,229.6937249,230.3434114,230.9814959,231.60809,232.2233042,232.827248,233.4200295,234.0017557,234.5725327,235.1324652,235.681657,236.2202108,236.7482281,237.2658096,237.7730547,238.2700621,238.7569292,239.2337527,239.7006282,240.1576502,240.6049126,241.0425082,241.4705287,241.8890653,242.298208,242.698046,243.0886678,243.4701608,243.8426118,244.2061066,244.5607302,244.9065668,245.2437001,245.5722125,245.8921859,246.2037016,246.5068398,246.8016802,247.0883017,247.3667825,247.6371998,247.8996306,248.1541509,248.4008359,248.6397603,248.8709981,249.0946227,249.3107066,249.5193219,249.7205399,249.9144313,250.1010663,250.2805142,250.4528439,250.6181238,250.7764213,250.9278035,251.072337,251.2100875,251.3411203,251.4655002,251.5832913,251.6945572,251.799361,251.8977651,251.9898315,252.0756217,252.1551965,252.2286163,252.295941,252.3572298,252.4125417,252.4619349,252.5054674,252.5431963,252.5751786,252.6014707,252.6221284,252.6372071,252.6467619,252.6508471,252.6495168,252.6428247,252.6308237,252.6135666,252.5911056,252.5634925,252.5307787,252.493015,252.4502521,252.40254,252.3499283,252.2924663,252.2302029,252.1631865,252.0914652,252.0150865,251.9340977,251.8485457,251.758477,251.6639376,251.5649732,251.4616292,251.3539504,251.2419816,251.1257669,251.0053502,250.8807749,250.7520842,250.6193208,250.4825273,250.3417456,250.1970176,250.0483846,249.8958876,249.7395675,249.5794645,249.4156188,249.2480701,249.0768577,248.9020209,248.7235982,248.5416283,248.3561492,248.1671987,247.9748144,247.7790335,247.579893,247.3774293,247.1716789
M,Trembling aspen,2,5,0,1.263919485,3.38908723,6.002190962,8.969852972,12.21375249,15.68020099,19.32922915,23.12950723,27.05559973,31.08632693,35.20371467,39.39228375,43.63854824,47.93064887,52.25807751,56.61146493,60.98241419,65.36336729,69.74749696,74.12861767,78.50111141,82.85986533,87.20021872,91.5179176,95.80907543,100.0701391,104.2978589,108.4892625,112.6416314,116.7524806,120.8195395,124.840736,128.8141812,132.7381559,136.6110983,140.4315932,144.1983613,147.9102501,151.5662257,155.1653644,158.7068458,162.1899459,165.6140311,168.9785526,172.2830405,175.5270994,178.7104037,181.832693,184.8937683,187.8934884,190.831766,193.7085646,196.5238955,199.2778147,201.9704202,204.6018495,207.1722772,209.6819126,212.1309977,214.5198049,216.8486352,219.1178167,221.3277024,223.4786688,225.5711142,227.6054578,229.5821374,231.5016089,233.3643446,235.1708323,236.9215739,238.6170847,240.2578919,241.8445342,243.3775604,244.857529,246.2850068,247.6605689,248.9847971,250.2582799,251.4816113,252.6553908,253.780222,254.8567126,255.8854738,256.8671194,257.802266,258.6915317,259.5355362,260.3349004,261.0902457,261.8021937,262.471366,263.0983837,263.6838674,264.2284361,264.732708,265.1972992,265.6228241,266.009895,266.3591217,266.6711113,266.9464684,267.1857942,267.3896869,267.5587412,267.6935485,267.7946961,267.8627677,267.898343,267.9019974,267.8743023,267.8158245,267.7271265,267.6087661,267.4612966,267.2852664,267.0812192,266.8496937,266.5912236,266.3063378,265.9955599,265.6594084,265.2983966,264.9130328,264.5038198,264.0712551,263.615831,263.1380343,262.6383467,262.1172442,261.5751976,261.0126723,260.430128,259.8280193,259.2067951,258.5668992,257.9087696,257.2328392,256.5395352,255.8292796,255.1024889,254.3595742,253.6009414,252.8269908,252.0381176,251.2347116,250.4171572,249.5858338,248.7411153,247.8833705,247.0129631,246.1302515,245.2355892,244.3293242,243.4117999,242.4833544,241.5443208,240.5950275,239.6357977,238.6669499,237.6887976,236.7016496,235.7058099,234.7015778,233.6892478,232.66911,231.6414495,230.6065473,229.5646794,228.5161177,227.4611294,226.3999774,225.3329204,224.2602124,223.1821035,222.0988393,221.0106615,219.9178073,218.8205101,217.7189991,216.6134996,215.5042327,214.3914159,213.2752625,212.1559821,211.0337806,209.90886,208.7814186,207.6516511,206.5197487,205.3858987,204.2502851,203.1130883,201.9744854,200.8346499,199.6937521,198.5519588,197.4094336,196.266337,195.122826,193.9790548,192.8351741,191.6913318,190.5476727,189.4043385,188.2614681,187.1191974,185.9776595,184.8369844,183.6972996,182.5587297,181.4213966,180.2854195,179.1509151,178.0179972,176.8867772,175.7573641,174.6298641,173.5043811,172.3810165,171.2598695,170.1410368,169.0246127,167.9106892,166.7993564,165.6907016,164.5848105,163.4817662,162.38165,161.2845407,160.1905156,159.0996495,158.0120155,156.9276845,155.8467257,154.7692062,153.6951913,152.6247447,151.5579278,150.4948006,149.4354213,148.3798461,147.32813,146.2803258,145.236485,144.1966574,143.1608911,142.1292329,141.1017278
P,Trembling aspen,3,5,0,1.263919485,3.38908723,6.002190962,8.969852972,12.21375249,15.68020099,19.32922915,23.12950723,27.05559973,31.08632693,35.20371467,39.39228375,43.63854824,47.93064887,52.25807751,56.61146493,60.98241419,65.36336729,69.74749696,74.12861767,78.50111141,82.85986533,87.20021872,91.5179176,95.80907543,100.0701391,104.2978589,108.4892625,112.6416314,116.7524806,120.8195395,124.840736,128.8141812,132.7381559,136.6110983,140.4315932,144.1983613,147.9102501,151.5662257,155.1653644,158.7068458,162.1899459,165.6140311,168.9785526,172.2830405,175.5270994,178.7104037,181.832693,184.8937683,187.8934884,190.831766,193.7085646,196.5238955,199.2778147,201.9704202,204.6018495,207.1722772,209.6819126,212.1309977,214.5198049,216.8486352,219.1178167,221.3277024,223.4786688,225.5711142,227.6054578,229.5821374,231.5016089,233.3643446,235.1708323,236.9215739,238.6170847,240.2578919,241.8445342,243.3775604,244.857529,246.2850068,247.6605689,248.9847971,250.2582799,251.4816113,252.6553908,253.780222,254.8567126,255.8854738,256.8671194,257.802266,258.6915317,259.5355362,260.3349004,261.0902457,261.8021937,262.471366,263.0983837,263.6838674,264.2284361,264.732708,265.1972992,265.6228241,266.009895,266.3591217,266.6711113,266.9464684,267.1857942,267.3896869,267.5587412,267.6935485,267.7946961,267.8627677,267.898343,267.9019974,267.8743023,267.8158245,267.7271265,267.6087661,267.4612966,267.2852664,267.0812192,266.8496937,266.5912236,266.3063378,265.9955599,265.6594084,265.2983966,264.9130328,264.5038198,264.0712551,263.615831,263.1380343,262.6383467,262.1172442,261.5751976,261.0126723,260.430128,259.8280193,259.2067951,258.5668992,257.9087696,257.2328392,256.5395352,255.8292796,255.1024889,254.3595742,253.6009414,252.8269908,252.0381176,251.2347116,250.4171572,249.5858338,248.7411153,247.8833705,247.0129631,246.1302515,245.2355892,244.3293242,243.4117999,242.4833544,241.5443208,240.5950275,239.6357977,238.6669499,237.6887976,236.7016496,235.7058099,234.7015778,233.6892478,232.66911,231.6414495,230.6065473,229.5646794,228.5161177,227.4611294,226.3999774,225.3329204,224.2602124,223.1821035,222.0988393,221.0106615,219.9178073,218.8205101,217.7189991,216.6134996,215.5042327,214.3914159,213.2752625,212.1559821,211.0337806,209.90886,208.7814186,207.6516511,206.5197487,205.3858987,204.2502851,203.1130883,201.9744854,200.8346499,199.6937521,198.5519588,197.4094336,196.266337,195.122826,193.9790548,192.8351741,191.6913318,190.5476727,189.4043385,188.2614681,187.1191974,185.9776595,184.8369844,183.6972996,182.5587297,181.4213966,180.2854195,179.1509151,178.0179972,176.8867772,175.7573641,174.6298641,173.5043811,172.3810165,171.2598695,170.1410368,169.0246127,167.9106892,166.7993564,165.6907016,164.5848105,163.4817662,162.38165,161.2845407,160.1905156,159.0996495,158.0120155,156.9276845,155.8467257,154.7692062,153.6951913,152.6247447,151.5579278,150.4948006,149.4354213,148.3798461,147.32813,146.2803258,145.236485,144.1966574,143.1608911,142.1292329,141.1017278
G,White birch,1,6,0,1.610228363,4.011071324,6.808911933,9.878789329,13.1511792,16.5802656,20.13300223,23.78416544,27.51374257,31.30540421,35.14554226,39.02262948,42.92677397,46.84939809,50.78300029,54.72097388,58.6574664,62.58726839,66.50572407,70.40865859,74.29231808,78.15331967,81.98860945,85.79542675,89.57127362,93.31388842,97.02122303,100.6914229,104.3228093,107.9138644,111.4632169,114.9696301,118.4319913,121.8493014,125.2206665,128.5452897,131.8224639,135.0515656,138.232048,141.3634365,144.445323,147.4773619,150.4592649,153.3907983,156.2717782,159.1020682,161.8815755,164.6102484,167.2880736,169.9150736,172.4913045,175.0168537,177.4918381,179.9164019,182.290715,184.6149712,186.8893871,189.1141999,191.2896666,193.4160625,195.4936798,197.5228269,199.5038269,201.4370167,203.3227461,205.1613769,206.9532819,208.6988443,210.3984566,212.0525202,213.6614447,215.2256468,216.7455503,218.2215852,219.654187,221.0437965,222.3908591,223.6958244,224.9591456,226.1812793,227.3626849,228.5038246,229.6051623,230.6671639,231.690297,232.67503,233.6218322,234.5311738,235.4035251,236.2393563,237.0391378,237.8033392,238.5324299,239.2268781,239.8871513,240.5137156,241.1070357,241.667575,242.195795,242.6921555,243.1571143,243.5911269,243.9946469,244.3681254,244.7120109,245.0267496,245.3127848,245.5705573,245.800505,246.0030626,246.1786623,246.3277328,246.4506998,246.5479861,246.6200107,246.6671899,246.6899361,246.6886587,246.6637635,246.6156528,246.5447255,246.4513768,246.3359984,246.1989785,246.0407014,245.861548,245.6618955,245.4421173,245.2025832,244.9436592,244.6657078,244.3690873,244.0541529,243.7212555,243.3707425,243.0029577,242.6182409,242.2169282,241.7993521,241.3658413,240.9167208,240.4523117,239.9729317,239.4788946,238.9705105,238.4480858,237.9119236,237.3623228,236.799579,236.2239842,235.6358266,235.035391,234.4229585,233.7988068,233.1632099,232.5164385,231.8587595,231.1904367,230.5117303,229.8228969,229.1241899,228.4158594,227.6981519,226.9713108,226.235576,225.4911842,224.7383689,223.9773604,223.2083856,222.4316683,221.6474294,220.8558862,220.0572533,219.251742,218.4395606,217.6209145,216.796006,215.9650343,215.1281959,214.2856843,213.43769,212.5844008,211.7260015,210.8626742,209.9945983,209.1219503,208.2449041,207.3636306,206.4782985,205.5890735,204.6961188,203.799595,202.8996602,201.9964698,201.090177,200.1809321,199.2688833,198.3541761,197.4369539,196.5173575,195.5955253,194.6715937,193.7456964,192.817965,191.8885291,190.9575156,190.0250496,189.0912538,188.156249,187.2201535,186.283084,185.3451546,184.4064779,183.467164,182.5273213,181.5870561,180.6464729,179.705674,178.7647601,177.8238299,176.8829803,175.9423062,175.0019008,174.0618557,173.1222604,172.1832029,171.2447695,170.3070447,169.3701113,168.4340505,167.4989419,166.5648636,165.6318918,164.7001014,163.7695658,162.8403566,161.9125441,160.9861972,160.061383,159.1381676,158.2166153,157.2967892,156.3787509,155.4625609,154.548278,153.6359598,152.7256628,151.8174418,150.9113508,150.0074422
M,White birch,2,6,0,1.610228363,4.011071324,6.808911933,9.878789329,13.1511792,16.5802656,20.13300223,23.78416544,27.51374257,31.30540421,35.14554226,39.02262948,42.92677397,46.84939809,50.78300029,54.72097388,58.6574664,62.58726839,66.50572407,70.40865859,74.29231808,78.15331967,81.98860945,85.79542675,89.57127362,93.31388842,97.02122303,100.6914229,104.3228093,107.9138644,111.4632169,114.9696301,118.4319913,121.8493014,125.2206665,128.5452897,131.8224639,135.0515656,138.232048,141.3634365,144.445323,147.4773619,150.4592649,153.3907983,156.2717782,159.1020682,161.8815755,164.6102484,167.2880736,169.9150736,172.4913045,175.0168537,177.4918381,179.9164019,182.290715,184.6149712,186.8893871,189.1141999,191.2896666,193.4160625,195.4936798,197.5228269,199.5038269,201.4370167,203.3227461,205.1613769,206.9532819,208.6988443,210.3984566,212.0525202,213.6614447,215.2256468,216.7455503,218.2215852,219.654187,221.0437965,222.3908591,223.6958244,224.9591456,226.1812793,227.3626849,228.5038246,229.6051623,230.6671639,231.690297,232.67503,233.6218322,234.5311738,235.4035251,236.2393563,237.0391378,237.8033392,238.5324299,239.2268781,239.8871513,240.5137156,241.1070357,241.667575,242.195795,242.6921555,243.1571143,243.5911269,243.9946469,244.3681254,244.7120109,245.0267496,245.3127848,245.5705573,245.800505,246.0030626,246.1786623,246.3277328,246.4506998,246.5479861,246.6200107,246.6671899,246.6899361,246.6886587,246.6637635,246.6156528,246.5447255,246.4513768,246.3359984,246.1989785,246.0407014,245.861548,245.6618955,245.4421173,245.2025832,244.9436592,244.6657078,244.3690873,244.0541529,243.7212555,243.3707425,243.0029577,242.6182409,242.2169282,241.7993521,241.3658413,240.9167208,240.4523117,239.9729317,239.4788946,238.9705105,238.4480858,237.9119236,237.3623228,236.799579,236.2239842,235.6358266,235.035391,234.4229585,233.7988068,233.1632099,232.5164385,231.8587595,231.1904367,230.5117303,229.8228969,229.1241899,228.4158594,227.6981519,226.9713108,226.235576,225.4911842,224.7383689,223.9773604,223.2083856,222.4316683,221.6474294,220.8558862,220.0572533,219.251742,218.4395606,217.6209145,216.796006,215.9650343,215.1281959,214.2856843,213.43769,212.5844008,211.7260015,210.8626742,209.9945983,209.1219503,208.2449041,207.3636306,206.4782985,205.5890735,204.6961188,203.799595,202.8996602,201.9964698,201.090177,200.1809321,199.2688833,198.3541761,197.4369539,196.5173575,195.5955253,194.6715937,193.7456964,192.817965,191.8885291,190.9575156,190.0250496,189.0912538,188.156249,187.2201535,186.283084,185.3451546,184.4064779,183.467164,182.5273213,181.5870561,180.6464729,179.705674,178.7647601,177.8238299,176.8829803,175.9423062,175.0019008,174.0618557,173.1222604,172.1832029,171.2447695,170.3070447,169.3701113,168.4340505,167.4989419,166.5648636,165.6318918,164.7001014,163.7695658,162.8403566,161.9125441,160.9861972,160.061383,159.1381676,158.2166153,157.2967892,156.3787509,155.4625609,154.548278,153.6359598,152.7256628,151.8174418,150.9113508,150.0074422
P,White birch,3,6,0,1.610228363,4.011071324,6.808911933,9.878789329,13.1511792,16.5802656,20.13300223,23.78416544,27.51374257,31.30540421,35.14554226,39.02262948,42.92677397,46.84939809,50.78300029,54.72097388,58.6574664,62.58726839,66.50572407,70.40865859,74.29231808,78.15331967,81.98860945,85.79542675,89.57127362,93.31388842,97.02122303,100.6914229,104.3228093,107.9138644,111.4632169,114.9696301,118.4319913,121.8493014,125.2206665,128.5452897,131.8224639,135.0515656,138.232048,141.3634365,144.445323,147.4773619,150.4592649,153.3907983,156.2717782,159.1020682,161.8815755,164.6102484,167.2880736,169.9150736,172.4913045,175.0168537,177.4918381,179.9164019,182.290715,184.6149712,186.8893871,189.1141999,191.2896666,193.4160625,195.4936798,197.5228269,199.5038269,201.4370167,203.3227461,205.1613769,206.9532819,208.6988443,210.3984566,212.0525202,213.6614447,215.2256468,216.7455503,218.2215852,219.654187,221.0437965,222.3908591,223.6958244,224.9591456,226.1812793,227.3626849,228.5038246,229.6051623,230.6671639,231.690297,232.67503,233.6218322,234.5311738,235.4035251,236.2393563,237.0391378,237.8033392,238.5324299,239.2268781,239.8871513,240.5137156,241.1070357,241.667575,242.195795,242.6921555,243.1571143,243.5911269,243.9946469,244.3681254,244.7120109,245.0267496,245.3127848,245.5705573,245.800505,246.0030626,246.1786623,246.3277328,246.4506998,246.5479861,246.6200107,246.6671899,246.6899361,246.6886587,246.6637635,246.6156528,246.5447255,246.4513768,246.3359984,246.1989785,246.0407014,245.861548,245.6618955,245.4421173,245.2025832,244.9436592,244.6657078,244.3690873,244.0541529,243.7212555,243.3707425,243.0029577,242.6182409,242.2169282,241.7993521,241.3658413,240.9167208,240.4523117,239.9729317,239.4788946,238.9705105,238.4480858,237.9119236,237.3623228,236.799579,236.2239842,235.6358266,235.035391,234.4229585,233.7988068,233.1632099,232.5164385,231.8587595,231.1904367,230.5117303,229.8228969,229.1241899,228.4158594,227.6981519,226.9713108,226.235576,225.4911842,224.7383689,223.9773604,223.2083856,222.4316683,221.6474294,220.8558862,220.0572533,219.251742,218.4395606,217.6209145,216.796006,215.9650343,215.1281959,214.2856843,213.43769,212.5844008,211.7260015,210.8626742,209.9945983,209.1219503,208.2449041,207.3636306,206.4782985,205.5890735,204.6961188,203.799595,202.8996602,201.9964698,201.090177,200.1809321,199.2688833,198.3541761,197.4369539,196.5173575,195.5955253,194.6715937,193.7456964,192.817965,191.8885291,190.9575156,190.0250496,189.0912538,188.156249,187.2201535,186.283084,185.3451546,184.4064779,183.467164,182.5273213,181.5870561,180.6464729,179.705674,178.7647601,177.8238299,176.8829803,175.9423062,175.0019008,174.0618557,173.1222604,172.1832029,171.2447695,170.3070447,169.3701113,168.4340505,167.4989419,166.5648636,165.6318918,164.7001014,163.7695658,162.8403566,161.9125441,160.9861972,160.061383,159.1381676,158.2166153,157.2967892,156.3787509,155.4625609,154.548278,153.6359598,152.7256628,151.8174418,150.9113508,150.0074422
G,White spruce,1,7,0,2.41304853,5.472750437,8.801772829,12.29754269,15.90663043,19.59548228,23.34082288,27.12546844,30.93617964,34.76243624,38.59568209,42.42883212,46.25593551,50.07193683,53.8725016,57.65388549,61.41283414,65.14650503,68.85240543,72.52834252,76.17238279,79.78281847,83.35813969,86.89701102,90.39825161,93.86081827,97.28379088,100.6663598,104.0078149,107.3075361,110.5649846,113.7796958,116.9512725,120.0793791,123.1637365,126.2041168,129.2003399,132.152269,135.0598074,137.9228955,140.7415076,143.5156496,146.2453564,148.9306898,151.5717366,154.1686065,156.7214308,159.2303604,161.6955645,164.1172296,166.4955576,168.8307652,171.1230827,173.3727528,175.5800299,177.7451791,179.8684755,181.9502033,183.9906553,185.9901319,187.9489409,189.8673966,191.7458195,193.5845354,195.3838755,197.1441754,198.865775,200.5490178,202.194251,203.8018247,205.3720917,206.9054073,208.4021289,209.8626157,211.2872285,212.6763294,214.0302815,215.3494489,216.6341963,217.8848888,219.1018918,220.2855707,221.436291,222.5544177,223.6403157,224.694349,225.7168812,226.7082751,227.6688923,228.5990938,229.4992392,230.3696867,231.2107936,232.0229153,232.8064061,233.5616184,234.2889032,234.9886095,235.6610848,236.3066744,236.9257219,237.5185689,238.0855549,238.6270175,239.1432919,239.6347113,240.1016067,240.5443068,240.9631381,241.3584248,241.7304886,242.0796491,242.4062232,242.7105258,242.9928689,243.2535624,243.4929135,243.7112272,243.9088057,244.0859488,244.242954,244.3801158,244.4977267,244.5960761,244.6754514,244.7361371,244.7784151,244.802565,244.8088636,244.7975854,244.769002,244.7233827,244.6609941,244.5821003,244.4869629,244.3758408,244.2489906,244.1066661,243.9491187,243.7765974,243.5893483,243.3876155,243.1716401,242.9416612,242.697915,242.4406355,242.1700542,241.8863999,241.5898994,241.2807767,240.9592536,240.6255495,240.2798812,239.9224633,239.5535081,239.1732254,238.7818228,238.3795055,237.9664764,237.542936,237.1090829,236.6651129,236.2112201,235.747596,235.2744299,234.7919091,234.3002186,233.7995413,233.2900577,232.7719465,232.2453842,231.7105449,231.167601,230.6167226,230.0580778,229.4918327,228.9181512,228.3371956,227.7491257,227.1540996,226.5522735,225.9438015,225.3288358,224.7075267,224.0800228,223.4464704,222.8070143,222.1617974,221.5109606,220.8546432,220.1929826,219.5261143,218.8541722,218.1772885,217.4955936,216.809216,216.1182827,215.4229191,214.7232487,214.0193935,213.3114737,212.5996082,211.8839139,211.1645065,210.4414997,209.715006,208.9851362,208.2519996,207.515704,206.7763556,206.0340593,205.2889183,204.5410346,203.7905085,203.0374391,202.281924,201.5240594,200.7639401,200.0016596,199.2373099,198.4709819,197.7027649,196.9327471,196.1610154,195.3876552,194.6127509,193.8363855,193.0586407,192.2795971,191.4993341,190.7179297,189.935461,189.1520037,188.3676323,187.5824204,186.7964403,186.0097631,185.222459,184.4345968,183.6462446,182.8574691,182.068336,181.27891,180.4892549,179.6994331,178.9095065,178.1195354,177.3295796,176.5396977,175.7499474
M,White spruce,2,7,0,2.296392343,5.269071863,8.531104827,11.97521201,15.54505708,19.20504924,22.9303792,26.70265318,30.50764588,34.33401423,38.17250273,42.01542338,45.85629953,49.68961288,53.51061833,57.31520488,61.09978899,64.86123121,68.59676993,72.30396803,75.98066931,79.62496261,83.23515179,86.80973057,90.34736113,93.84685587,97.30716167,100.7273463,104.1065865,107.4441578,110.739425,113.9918346,117.2009071,120.3662311,123.4874571,126.564293,129.5964987,132.5838826,135.5262975,138.4236371,141.275833,144.0828521,146.8446933,149.5613858,152.2329866,154.8595784,157.4412679,159.978184,162.4704761,164.9183131,167.3218812,169.6813834,171.9970379,174.2690772,176.4977469,178.6833049,180.8260204,182.926173,184.9840522,186.9999564,188.9741921,190.9070739,192.7989229,194.650067,196.46084,198.231581,199.9626342,201.6543483,203.3070759,204.9211736,206.4970009,208.0349207,209.5352982,210.9985011,212.424899,213.8148634,215.1687671,216.4869842,217.7698897,219.0178595,220.23127,221.4104979,222.55592,223.6679132,224.7468542,225.7931192,226.8070842,227.7891242,228.7396136,229.6589259,230.5474336,231.4055079,232.2335188,233.0318351,233.8008239,234.540851,235.2522804,235.9354745,236.5907938,237.218597,237.819241,238.3930804,238.9404681,239.4617547,239.9572886,240.4274163,240.8724817,241.2928265,241.6887902,242.0607099,242.4089201,242.7337531,243.0355386,243.3146038,243.5712736,243.8058701,244.0187129,244.2101192,244.3804032,244.529877,244.6588497,244.767628,244.8565157,244.9258141,244.9758219,245.0068349,245.0191465,245.0130473,244.988825,244.9467651,244.8871499,244.8102593,244.7163706,244.605758,244.4786935,244.3354462,244.1762825,244.0014662,243.8112583,243.6059175,243.3856994,243.1508574,242.9016418,242.6383008,242.3610795,242.0702207,241.7659646,241.4485487,241.1182081,240.775175,240.4196795,240.0519489,239.6722081,239.2806794,238.8775827,238.4631353,238.0375522,237.6010458,237.1538263,236.6961013,236.2280759,235.7499531,235.2619333,234.7642147,234.256993,233.7404618,233.2148122,232.680233,232.136911,231.5850304,231.0247734,230.4563199,229.8798476,229.2955319,228.7035463,228.104062,227.4972479,226.8832711,226.2622963,225.6344863,225.0000019,224.3590017,223.7116422,223.0580781,222.3984621,221.7329446,221.0616744,220.3847983,219.702461,219.0148054,218.3219725,217.6241014,216.9213295,216.2137921,215.5016229,214.7849536,214.0639142,213.3386331,212.6092367,211.8758498,211.1385953,210.3975946,209.6529674,208.9048317,208.1533036,207.398498,206.6405279,205.8795047,205.1155383,204.348737,203.5792075,202.807055,202.0323833,201.2552943,200.4758889,199.6942662,198.9105239,198.1247583,197.3370642,196.5475352,195.7562631,194.9633388,194.1688513,193.3728888,192.5755376,191.7768832,190.9770093,190.1759987,189.3739326,188.5708913,187.7669535,186.9621967,186.1566974,185.3505307,184.5437706,183.7364897,182.9287597,182.1206509,181.3122328,180.5035733,179.6947396,178.8857975,178.0768118,177.2678464,176.4589638,175.6502256,174.8416925,174.0334239,173.2254784,172.4179135
P,White spruce,3,7,0,2.296392343,5.269071863,8.531104827,11.97521201,15.54505708,19.20504924,22.9303792,26.70265318,30.50764588,34.33401423,38.17250273,42.01542338,45.85629953,49.68961288,53.51061833,57.31520488,61.09978899,64.86123121,68.59676993,72.30396803,75.98066931,79.62496261,83.23515179,86.80973057,90.34736113,93.84685587,97.30716167,100.7273463,104.1065865,107.4441578,110.739425,113.9918346,117.2009071,120.3662311,123.4874571,126.564293,129.5964987,132.5838826,135.5262975,138.4236371,141.275833,144.0828521,146.8446933,149.5613858,152.2329866,154.8595784,157.4412679,159.978184,162.4704761,164.9183131,167.3218812,169.6813834,171.9970379,174.2690772,176.4977469,178.6833049,180.8260204,182.926173,184.9840522,186.9999564,188.9741921,190.9070739,192.7989229,194.650067,196.46084,198.231581,199.9626342,201.6543483,203.3070759,204.9211736,206.4970009,208.0349207,209.5352982,210.9985011,212.424899,213.8148634,215.1687671,216.4869842,217.7698897,219.0178595,220.23127,221.4104979,222.55592,223.6679132,224.7468542,225.7931192,226.8070842,227.7891242,228.7396136,229.6589259,230.5474336,231.4055079,232.2335188,233.0318351,233.8008239,234.540851,235.2522804,235.9354745,236.5907938,237.218597,237.819241,238.3930804,238.9404681,239.4617547,239.9572886,240.4274163,240.8724817,241.2928265,241.6887902,242.0607099,242.4089201,242.7337531,243.0355386,243.3146038,243.5712736,243.8058701,244.0187129,244.2101192,244.3804032,244.529877,244.6588497,244.767628,244.8565157,244.9258141,244.9758219,245.0068349,245.0191465,245.0130473,244.988825,244.9467651,244.8871499,244.8102593,244.7163706,244.605758,244.4786935,244.3354462,244.1762825,244.0014662,243.8112583,243.6059175,243.3856994,243.1508574,242.9016418,242.6383008,242.3610795,242.0702207,241.7659646,241.4485487,241.1182081,240.775175,240.4196795,240.0519489,239.6722081,239.2806794,238.8775827,238.4631353,238.0375522,237.6010458,237.1538263,236.6961013,236.2280759,235.7499531,235.2619333,234.7642147,234.256993,233.7404618,233.2148122,232.680233,232.136911,231.5850304,231.0247734,230.4563199,229.8798476,229.2955319,228.7035463,228.104062,227.4972479,226.8832711,226.2622963,225.6344863,225.0000019,224.3590017,223.7116422,223.0580781,222.3984621,221.7329446,221.0616744,220.3847983,219.702461,219.0148054,218.3219725,217.6241014,216.9213295,216.2137921,215.5016229,214.7849536,214.0639142,213.3386331,212.6092367,211.8758498,211.1385953,210.3975946,209.6529674,208.9048317,208.1533036,207.398498,206.6405279,205.8795047,205.1155383,204.348737,203.5792075,202.807055,202.0323833,201.2552943,200.4758889,199.6942662,198.9105239,198.1247583,197.3370642,196.5475352,195.7562631,194.9633388,194.1688513,193.3728888,192.5755376,191.7768832,190.9770093,190.1759987,189.3739326,188.5708913,187.7669535,186.9621967,186.1566974,185.3505307,184.5437706,183.7364897,182.9287597,182.1206509,181.3122328,180.5035733,179.6947396,178.8857975,178.0768118,177.2678464,176.4589638,175.6502256,174.8416925,174.0334239,173.2254784,172.4179135
